Country,City,Link
네덜란드,암스테르담,https://www.myrealtrip.com/cities?key_name=Amsterdam
네덜란드,잔세스칸스,https://www.myrealtrip.com/cities?key_name=Zaanse%20Schans
네덜란드,네덜란드 기타 도시,https://www.myrealtrip.com/cities?key_name=Netherlands%20Others
네덜란드,로테르담,https://www.myrealtrip.com/cities?key_name=Rotterdam
네덜란드,리세,https://www.myrealtrip.com/cities?key_name=Lisse
네덜란드,볼렌담,https://www.myrealtrip.com/cities?key_name=Volendam
네덜란드,헤이그,https://www.myrealtrip.com/cities?key_name=Hague
네덜란드,히트호른,https://www.myrealtrip.com/cities?key_name=Giethoorn
네덜란드,델프트,https://www.myrealtrip.com/cities?key_name=Delft
독일,뮌헨,https://www.myrealtrip.com/cities?key_name=Munchen
독일,베를린,https://www.myrealtrip.com/cities?key_name=Berlin
독일,프랑크푸르트,https://www.myrealtrip.com/cities?key_name=Frankfrut
독일,독일 기타 도시,https://www.myrealtrip.com/cities?key_name=Germany%20Others
독일,뉘른베르크,https://www.myrealtrip.com/cities?key_name=N%C3%BCrnberg
독일,하이델베르크,https://www.myrealtrip.com/cities?key_name=Heidelberg
독일,로텐부르크 오프 데어 타우버,https://www.myrealtrip.com/cities?key_name=Rothenburg%20Ob%20Der%20Tauber
독일,레겐스부르크,https://www.myrealtrip.com/cities?key_name=Regensburg
독일,함부르크,https://www.myrealtrip.com/cities?key_name=hamburg
독일,뷔르츠부르크,https://www.myrealtrip.com/cities?key_name=Wurzburg
독일,드레스덴,https://www.myrealtrip.com/cities?key_name=Dresden
독일,슈투트가르트,https://www.myrealtrip.com/cities?key_name=Stuttgart
독일,도르트문트,https://www.myrealtrip.com/cities?key_name=Dortmund
독일,바덴바덴,https://www.myrealtrip.com/cities?key_name=Baden%20Baden
독일,뒤셀도르프,https://www.myrealtrip.com/cities?key_name=Dusseldorf
독일,마인츠,https://www.myrealtrip.com/cities?key_name=mainz
독일,포츠담,https://www.myrealtrip.com/cities?key_name=Potsdam
독일,레버쿠젠,https://www.myrealtrip.com/cities?key_name=Leverkusen
룩셈부르크,룩셈부르크,https://www.myrealtrip.com/cities?key_name=Luxembourg
모나코,모나코,https://www.myrealtrip.com/cities?key_name=Monaco
벨기에,브뤼셀,https://www.myrealtrip.com/cities?key_name=Brussel
벨기에,브뤼헤,https://www.myrealtrip.com/cities?key_name=Bruges
벨기에,벨기에 기타 도시,https://www.myrealtrip.com/cities?key_name=Belgium%20Others
스위스,취리히,https://www.myrealtrip.com/cities?key_name=Zurich
스위스,인터라켄,https://www.myrealtrip.com/cities?key_name=Interlaken
스위스,루체른,https://www.myrealtrip.com/cities?key_name=luzern
스위스,제네바,https://www.myrealtrip.com/cities?key_name=geneva
스위스,베른,https://www.myrealtrip.com/cities?key_name=Bern
스위스,스위스 기타 도시,https://www.myrealtrip.com/cities?key_name=Switzerland%20Others
스위스,체르마트,https://www.myrealtrip.com/cities?key_name=Zermatt
스위스,바젤,https://www.myrealtrip.com/cities?key_name=Basel
스위스,루가노,https://www.myrealtrip.com/cities?key_name=Lugano
스위스,엥겔베르그,https://www.myrealtrip.com/cities?key_name=engelberg
스위스,몽트뢰,https://www.myrealtrip.com/cities?key_name=Montreux
스위스,로잔,https://www.myrealtrip.com/cities?key_name=Lausanne
아일랜드,더블린,https://www.myrealtrip.com/cities?key_name=Dublin
아일랜드,골웨이,https://www.myrealtrip.com/cities?key_name=galway
아일랜드,아일랜드 기타 도시,https://www.myrealtrip.com/cities?key_name=Ireland%20Others
영국,런던,https://www.myrealtrip.com/cities?key_name=London
영국,에딘버러,https://www.myrealtrip.com/cities?key_name=Edinburgh
영국,윈저,https://www.myrealtrip.com/cities?key_name=Windsor
영국,옥스포드,https://www.myrealtrip.com/cities?key_name=Oxford
영국,바스,https://www.myrealtrip.com/cities?key_name=Bath
영국,영국 기타 도시,https://www.myrealtrip.com/cities?key_name=United%20Kingdom%20Others
영국,인버네스,https://www.myrealtrip.com/cities?key_name=Inverness
영국,리버풀,https://www.myrealtrip.com/cities?key_name=Liverpool
영국,스트랫퍼드어폰에이번,https://www.myrealtrip.com/cities?key_name=Stratford-upon-Avon
영국,벨파스트,https://www.myrealtrip.com/cities?key_name=Belfast
영국,캠브리지,https://www.myrealtrip.com/cities?key_name=Cambridge
영국,글래스고,https://www.myrealtrip.com/cities?key_name=Glasgow
영국,브라이튼,https://www.myrealtrip.com/cities?key_name=Brighton
영국,워릭,https://www.myrealtrip.com/cities?key_name=Warwick
영국,맨체스터,https://www.myrealtrip.com/cities?key_name=Manchester
영국,켄트,https://www.myrealtrip.com/cities?key_name=Kent
영국,요크,https://www.myrealtrip.com/cities?key_name=york
영국,뉴캐슬,https://www.myrealtrip.com/cities?key_name=Newcastle
영국,서식스,https://www.myrealtrip.com/cities?key_name=Sussex
영국,와이트 섬,https://www.myrealtrip.com/cities?key_name=Isle%20of%20Wight
영국,카디프,https://www.myrealtrip.com/cities?key_name=Cardiff
영국,웨일즈,https://www.myrealtrip.com/cities?key_name=Wales
영국,버밍엄,https://www.myrealtrip.com/cities?key_name=Birmingham
영국,애버딘,https://www.myrealtrip.com/cities?key_name=Aberdeen
오스트리아,비엔나,https://www.myrealtrip.com/cities?key_name=Vienna
오스트리아,잘츠부르크,https://www.myrealtrip.com/cities?key_name=Salzburg
오스트리아,할슈타트,https://www.myrealtrip.com/cities?key_name=Hallstat
오스트리아,인스브루크,https://www.myrealtrip.com/cities?key_name=Innsbruck
오스트리아,첼암제,https://www.myrealtrip.com/cities?key_name=Zell%20Am%20See
오스트리아,오스트리아 기타 도시,https://www.myrealtrip.com/cities?key_name=Austria%20Others
이탈리아,로마,https://www.myrealtrip.com/cities?key_name=Roma
이탈리아,밀라노,https://www.myrealtrip.com/cities?key_name=Milano
이탈리아,피렌체,https://www.myrealtrip.com/cities?key_name=Firenze
이탈리아,베네치아,https://www.myrealtrip.com/cities?key_name=Venezia
이탈리아,나폴리,https://www.myrealtrip.com/cities?key_name=napoli
이탈리아,시칠리아,https://www.myrealtrip.com/cities?key_name=Sicily
이탈리아,바리,https://www.myrealtrip.com/cities?key_name=Bari
이탈리아,베로나,https://www.myrealtrip.com/cities?key_name=Verona
이탈리아,토스카나,https://www.myrealtrip.com/cities?key_name=Toscana
이탈리아,폼페이,https://www.myrealtrip.com/cities?key_name=Pompeii
이탈리아,볼로냐,https://www.myrealtrip.com/cities?key_name=Bologna
이탈리아,시에나,https://www.myrealtrip.com/cities?key_name=Siena
이탈리아,이탈리아 기타 도시,https://www.myrealtrip.com/cities?key_name=Italy%20Others
이탈리아,피사,https://www.myrealtrip.com/cities?key_name=Pisa
이탈리아,카타니아,https://www.myrealtrip.com/cities?key_name=Catania
이탈리아,소렌토,https://www.myrealtrip.com/cities?key_name=Sorrento
이탈리아,팔레르모,https://www.myrealtrip.com/cities?key_name=Palermo
이탈리아,아말피,https://www.myrealtrip.com/cities?key_name=Amalfi
이탈리아,사르데냐,https://www.myrealtrip.com/cities?key_name=Sardegna
이탈리아,코모,https://www.myrealtrip.com/cities?key_name=Como
이탈리아,제노바,https://www.myrealtrip.com/cities?key_name=Genova
이탈리아,친퀘테레,https://www.myrealtrip.com/cities?key_name=Cinque%20Terre
이탈리아,타오르미나,https://www.myrealtrip.com/cities?key_name=Taormina
이탈리아,돌로미테,https://www.myrealtrip.com/cities?key_name=Dolomite
이탈리아,카프리,https://www.myrealtrip.com/cities?key_name=Capri
이탈리아,모데나,https://www.myrealtrip.com/cities?key_name=Modena
이탈리아,레체,https://www.myrealtrip.com/cities?key_name=Lecce
이탈리아,아시시,https://www.myrealtrip.com/cities?key_name=Assisi
이탈리아,볼로냐,https://www.myrealtrip.com/cities?key_name=bologna
이탈리아,티볼리,https://www.myrealtrip.com/cities?key_name=Tivoli
이탈리아,시라쿠사,https://www.myrealtrip.com/cities?key_name=Syracuse
이탈리아,볼차노,https://www.myrealtrip.com/cities?key_name=Bolzano
이탈리아,오르비에토,https://www.myrealtrip.com/cities?key_name=Orvieto
이탈리아,파르마,https://www.myrealtrip.com/cities?key_name=Parma
이탈리아,레조넬에밀리아,https://www.myrealtrip.com/cities?key_name=Reggio%20Emilia
이탈리아,갈리폴리,https://www.myrealtrip.com/cities?key_name=Gallipoli
이탈리아,비첸차,https://www.myrealtrip.com/cities?key_name=Vicenza
이탈리아,토리노,https://www.myrealtrip.com/cities?key_name=Torino
이탈리아,페루자,https://www.myrealtrip.com/cities?key_name=Perugia
프랑스,파리,https://www.myrealtrip.com/cities?key_name=Paris
프랑스,니스,https://www.myrealtrip.com/cities?key_name=Nice
프랑스,프랑스 기타 도시,https://www.myrealtrip.com/cities?key_name=France%20Others
프랑스,보르도,https://www.myrealtrip.com/cities?key_name=Bordeaux
프랑스,칸,https://www.myrealtrip.com/cities?key_name=Cannes
프랑스,마르세유,https://www.myrealtrip.com/cities?key_name=Marseille
프랑스,랭스,https://www.myrealtrip.com/cities?key_name=Reims
프랑스,샤모니,https://www.myrealtrip.com/cities?key_name=Chamonix
프랑스,아비뇽,https://www.myrealtrip.com/cities?key_name=Avignon
프랑스,스트라스부르,https://www.myrealtrip.com/cities?key_name=Strasbourg
프랑스,리옹,https://www.myrealtrip.com/cities?key_name=Lyon
프랑스,그라스,https://www.myrealtrip.com/cities?key_name=grasse
프랑스,안시,https://www.myrealtrip.com/cities?key_name=Annecy
프랑스,콜마,https://www.myrealtrip.com/cities?key_name=Colmar
프랑스,디종,https://www.myrealtrip.com/cities?key_name=Dijon
프랑스,몽펠리에,https://www.myrealtrip.com/cities?key_name=Montpellier
프랑스,낭트,https://www.myrealtrip.com/cities?key_name=Nantes
프랑스,알자스,https://www.myrealtrip.com/cities?key_name=Alsace
프랑스,엑상프로방스,https://www.myrealtrip.com/cities?key_name=Aix-en-Provence
프랑스,슈농소,https://www.myrealtrip.com/cities?key_name=Chenonceaux
프랑스 남부 지역,프랑스 남부 지역 기타 도시,https://www.myrealtrip.com/cities?key_name=French%20Southern%20Territories%20Others
그리스,아테네,https://www.myrealtrip.com/cities?key_name=Athens
그리스,산토리니,https://www.myrealtrip.com/cities?key_name=Santorini
그리스,델포이,https://www.myrealtrip.com/cities?key_name=Delphi
그리스,그리스 기타 도시,https://www.myrealtrip.com/cities?key_name=Greece%20Others
그리스,칼람바카,https://www.myrealtrip.com/cities?key_name=Kalambaka
그리스,이라클리온,https://www.myrealtrip.com/cities?key_name=Heraklion
그리스,로도스 섬,https://www.myrealtrip.com/cities?key_name=Rhodes
그리스,하니아,https://www.myrealtrip.com/cities?key_name=Chania
그리스,밀로스,https://www.myrealtrip.com/cities?key_name=Milos
그리스,테살로니키,https://www.myrealtrip.com/cities?key_name=Thessaloniki
그리스,코린토스,https://www.myrealtrip.com/cities?key_name=Corinth
몬테네그로,코토르,https://www.myrealtrip.com/cities?key_name=Kotor
몬테네그로,부드바,https://www.myrealtrip.com/cities?key_name=Budva
몬테네그로,코토르,https://www.myrealtrip.com/cities?key_name=Kotop
몰타,몰타,https://www.myrealtrip.com/cities?key_name=Malta
몰타,몰타 기타 도시,https://www.myrealtrip.com/cities?key_name=Malta%20Others
몰타,발레타,https://www.myrealtrip.com/cities?key_name=Valleta
바티칸,바티칸 기타 도시,https://www.myrealtrip.com/cities?key_name=Holy%20See%20(Vatican%20Others%20State)%20Others
보스니아 헤르체고비나,모스타르,https://www.myrealtrip.com/cities?key_name=Mostar
스페인,바르셀로나,https://www.myrealtrip.com/cities?key_name=Barcelona
스페인,세비야,https://www.myrealtrip.com/cities?key_name=Seville
스페인,그라나다,https://www.myrealtrip.com/cities?key_name=Granada
스페인,마드리드,https://www.myrealtrip.com/cities?key_name=Madrid
스페인,마요르카,https://www.myrealtrip.com/cities?key_name=Majorca
스페인,말라가,https://www.myrealtrip.com/cities?key_name=Malaga
스페인,팔마 데 마요르카,https://www.myrealtrip.com/cities?key_name=Palma%20de%20Mallorca
스페인,론다,https://www.myrealtrip.com/cities?key_name=Ronda
스페인,스페인 기타 도시,https://www.myrealtrip.com/cities?key_name=Spain%20Others
스페인,톨레도,https://www.myrealtrip.com/cities?key_name=Toledo
스페인,발렌시아,https://www.myrealtrip.com/cities?key_name=Valencia
스페인,테네리페 섬,https://www.myrealtrip.com/cities?key_name=Tenerife
스페인,지로나,https://www.myrealtrip.com/cities?key_name=Girona
스페인,코르도바,https://www.myrealtrip.com/cities?key_name=Cordoba
스페인,푸에르테벤투라,https://www.myrealtrip.com/cities?key_name=Fuerteventura
스페인,세고비아,https://www.myrealtrip.com/cities?key_name=Segovia
스페인,빌바오,https://www.myrealtrip.com/cities?key_name=Bilbao
스페인,네르하,https://www.myrealtrip.com/cities?key_name=Nerja
스페인,카디스,https://www.myrealtrip.com/cities?key_name=Cadiz
스페인,아빌라,https://www.myrealtrip.com/cities?key_name=Avila
스페인,그란카나리아 섬,https://www.myrealtrip.com/cities?key_name=Gran%20Canaria
스페인,헤레스 데 라 프론테라,https://www.myrealtrip.com/cities?key_name=Jerez%20de%20la%20Frontera
스페인,이비자,https://www.myrealtrip.com/cities?key_name=ibiza
스페인,란사로테,https://www.myrealtrip.com/cities?key_name=Lanzarote
스페인,쿠엥카,https://www.myrealtrip.com/cities?key_name=Cuenca
스페인,엘 에스코리알,https://www.myrealtrip.com/cities?key_name=El%20Escorial
스페인,산세바스티안,https://www.myrealtrip.com/cities?key_name=San%20Sebastian
스페인,산티아고 데 콤포스텔라,https://www.myrealtrip.com/cities?key_name=Santiago%20de%20Compostela
슬로베니아,류블랴나,https://www.myrealtrip.com/cities?key_name=Ljubljana
슬로베니아,블레드,https://www.myrealtrip.com/cities?key_name=Bled
안도라,안도라 기타 도시,https://www.myrealtrip.com/cities?key_name=Andorra%20Others
영국령 지브롤터,지브롤터,https://www.myrealtrip.com/cities?key_name=Gibraltar
크로아티아,두브로브니크,https://www.myrealtrip.com/cities?key_name=Dubrovnik
크로아티아,자그레브,https://www.myrealtrip.com/cities?key_name=Zagreb
크로아티아,스플리트,https://www.myrealtrip.com/cities?key_name=Split
크로아티아,트로기르,https://www.myrealtrip.com/cities?key_name=Trogir
크로아티아,흐바르,https://www.myrealtrip.com/cities?key_name=Hvar
크로아티아,자다르,https://www.myrealtrip.com/cities?key_name=Zadar
크로아티아,크로아티아 기타 도시,https://www.myrealtrip.com/cities?key_name=Croatia%20Others
크로아티아,바라주딘,https://www.myrealtrip.com/cities?key_name=Varazdin
터키,이스탄불,https://www.myrealtrip.com/cities?key_name=Istanbul
터키,카파도키아,https://www.myrealtrip.com/cities?key_name=Cappadocia
터키,안탈리아,https://www.myrealtrip.com/cities?key_name=Antalya
터키,셀주크,https://www.myrealtrip.com/cities?key_name=Seljuk
터키,터키 기타 도시,https://www.myrealtrip.com/cities?key_name=Turkey%20Others
터키,파묵칼레,https://www.myrealtrip.com/cities?key_name=Pamukkale
터키,케메르,https://www.myrealtrip.com/cities?key_name=Kemer
터키,쿠사다시,https://www.myrealtrip.com/cities?key_name=Kusadasi
터키,시데,https://www.myrealtrip.com/cities?key_name=Side
터키,이즈미르,https://www.myrealtrip.com/cities?key_name=Izmir
터키,카쉬,https://www.myrealtrip.com/cities?key_name=kas
터키,알라냐,https://www.myrealtrip.com/cities?key_name=Alanya
터키,앙카라,https://www.myrealtrip.com/cities?key_name=Ankara
터키,카이세리,https://www.myrealtrip.com/cities?key_name=Kayseri
터키,보드룸,https://www.myrealtrip.com/cities?key_name=Bodrum
포르투갈,리스본,https://www.myrealtrip.com/cities?key_name=lisbon
포르투갈,포르투,https://www.myrealtrip.com/cities?key_name=Porto
포르투갈,포르투갈 기타 도시,https://www.myrealtrip.com/cities?key_name=Portugal%20Others
포르투갈,카스카이스,https://www.myrealtrip.com/cities?key_name=Cascais
포르투갈,아베이루,https://www.myrealtrip.com/cities?key_name=Aveiro
포르투갈,오비두스,https://www.myrealtrip.com/cities?key_name=Obidos
포르투갈,포르티망,https://www.myrealtrip.com/cities?key_name=Portimao
포르투갈,푼샬,https://www.myrealtrip.com/cities?key_name=Funchal
포르투갈,파로,https://www.myrealtrip.com/cities?key_name=Faro
포르투갈,라고스,https://www.myrealtrip.com/cities?key_name=Lagos
포르투갈,코임브라,https://www.myrealtrip.com/cities?key_name=Coimbra
포르투갈,폰타델가다,https://www.myrealtrip.com/cities?key_name=Ponta%20Delgada
포르투갈,알부페이라,https://www.myrealtrip.com/cities?key_name=Albufeira
라트비아,리가,https://www.myrealtrip.com/cities?key_name=Riga
루마니아,부쿠레슈티,https://www.myrealtrip.com/cities?key_name=Bucharest
루마니아,루마니아 기타 도시,https://www.myrealtrip.com/cities?key_name=Romania%20Others
마케도니아,마케도니아 기타 도시,https://www.myrealtrip.com/cities?key_name=Macedonia%20Others
불가리아,소피아,https://www.myrealtrip.com/cities?key_name=Sofia
불가리아,불가리아,https://www.myrealtrip.com/cities?key_name=Bulgaria
슬로바키아,브라티슬라바,https://www.myrealtrip.com/cities?key_name=Bratislava
에스토니아,탈린,https://www.myrealtrip.com/cities?key_name=Tallinn
조지아,트빌리시,https://www.myrealtrip.com/cities?key_name=Tbilisi
체코,프라하,https://www.myrealtrip.com/cities?key_name=Praha
체코,플젠,https://www.myrealtrip.com/cities?key_name=pilsen
체코,체스키 크룸로프,https://www.myrealtrip.com/cities?key_name=Cesky%20Kromlov
체코,체코 기타 도시,https://www.myrealtrip.com/cities?key_name=Czech%20Republic%20Others
체코,카를로비 바리,https://www.myrealtrip.com/cities?key_name=Karlovy%20Vary
체코,레드니체,https://www.myrealtrip.com/cities?key_name=Lednice
폴란드,크라쿠프,https://www.myrealtrip.com/cities?key_name=Krakau
폴란드,바르샤바,https://www.myrealtrip.com/cities?key_name=warsaw
폴란드,폴란드 기타 도시,https://www.myrealtrip.com/cities?key_name=Poland%20Others
헝가리,부다페스트,https://www.myrealtrip.com/cities?key_name=budapest
헝가리,센텐드레,https://www.myrealtrip.com/cities?key_name=Szentendre
헝가리,비셰그라드,https://www.myrealtrip.com/cities?key_name=Visegrad
헝가리,헝가리 기타 도시,https://www.myrealtrip.com/cities?key_name=Hungary%20Others
헝가리,에스테르곰,https://www.myrealtrip.com/cities?key_name=Esztergom
노르웨이,트롬쇠,https://www.myrealtrip.com/cities?key_name=Troms%C3%B8
노르웨이,오슬로,https://www.myrealtrip.com/cities?key_name=oslo
노르웨이,노르웨이 기타 도시,https://www.myrealtrip.com/cities?key_name=Norway%20Others
노르웨이,트론헤임,https://www.myrealtrip.com/cities?key_name=Trondheim
노르웨이,베르겐,https://www.myrealtrip.com/cities?key_name=Bergen
노르웨이,나르비크,https://www.myrealtrip.com/cities?key_name=Narvik
노르웨이,오따,https://www.myrealtrip.com/cities?key_name=Odda
노르웨이,스타방에르,https://www.myrealtrip.com/cities?key_name=Stavanger
덴마크,코펜하겐,https://www.myrealtrip.com/cities?key_name=Copenhagen
스웨덴,스톡홀름,https://www.myrealtrip.com/cities?key_name=Stockholm
스웨덴,스웨덴 기타 도시,https://www.myrealtrip.com/cities?key_name=Sweden%20Others
스웨덴,키루나,https://www.myrealtrip.com/cities?key_name=Kiruna
스웨덴,말뫼,https://www.myrealtrip.com/cities?key_name=Malmo
스웨덴,예테보리,https://www.myrealtrip.com/cities?key_name=Gothenburg
아이슬란드,레이캬비크,https://www.myrealtrip.com/cities?key_name=Reykjavik
아이슬란드,아이슬란드 기타 도시,https://www.myrealtrip.com/cities?key_name=Iceland%20Others
아이슬란드,비크,https://www.myrealtrip.com/cities?key_name=Vik
아이슬란드,솔헤이마요쿨,https://www.myrealtrip.com/cities?key_name=S%C3%B3lheimaj%C3%B6kull
아이슬란드,아쿠레이리,https://www.myrealtrip.com/cities?key_name=Akureyri
아이슬란드,후사비크,https://www.myrealtrip.com/cities?key_name=H%C3%BAsav%C3%ADk
아이슬란드,회픈,https://www.myrealtrip.com/cities?key_name=Hofn
핀란드,로바니에미,https://www.myrealtrip.com/cities?key_name=Rovaniemi
핀란드,헬싱키,https://www.myrealtrip.com/cities?key_name=Helsinki
핀란드,핀란드 기타 도시,https://www.myrealtrip.com/cities?key_name=Finland%20Others
핀란드,사리셀카,https://www.myrealtrip.com/cities?key_name=Saariselka
라오스,비엔티엔,https://www.myrealtrip.com/cities?key_name=Vientiane
라오스,루앙프라방,https://www.myrealtrip.com/cities?key_name=Luang%20Prabang
라오스,방비엥,https://www.myrealtrip.com/cities?key_name=Vangvieng
말레이시아,쿠알라룸푸르,https://www.myrealtrip.com/cities?key_name=Kuala%20Lumpur
말레이시아,코타키나발루,https://www.myrealtrip.com/cities?key_name=KotaKinabalu
말레이시아,말레이시아 기타 도시,https://www.myrealtrip.com/cities?key_name=Malaysia%20Others
말레이시아,랑카위,https://www.myrealtrip.com/cities?key_name=Langkawi
말레이시아,페낭,https://www.myrealtrip.com/cities?key_name=Penang
말레이시아,쿠알라셀랑고르,https://www.myrealtrip.com/cities?key_name=Kuala%20Serangor
말레이시아,말라카,https://www.myrealtrip.com/cities?key_name=Melaka
말레이시아,쿠칭,https://www.myrealtrip.com/cities?key_name=Kuching
말레이시아,이포,https://www.myrealtrip.com/cities?key_name=Ipoh
말레이시아,조호바루,https://www.myrealtrip.com/cities?key_name=Johor%20Bahru
몰디브,몰디브,https://www.myrealtrip.com/cities?key_name=Maldives
미얀마,양곤,https://www.myrealtrip.com/cities?key_name=Yangon
베트남,다낭,https://www.myrealtrip.com/cities?key_name=Da%20Nang
베트남,나트랑,https://www.myrealtrip.com/cities?key_name=Nha%20trang
베트남,호이안,https://www.myrealtrip.com/cities?key_name=Hoi%20an
베트남,하노이,https://www.myrealtrip.com/cities?key_name=Hanoi
베트남,호치민,https://www.myrealtrip.com/cities?key_name=Ho%20chi%20min
베트남,푸꾸옥,https://www.myrealtrip.com/cities?key_name=PhuQuoc
베트남,달랏,https://www.myrealtrip.com/cities?key_name=Da%20Lat
베트남,무이네,https://www.myrealtrip.com/cities?key_name=Mui%20Ne
베트남,하롱베이,https://www.myrealtrip.com/cities?key_name=Halong%20Bay
베트남,후에,https://www.myrealtrip.com/cities?key_name=Hue
베트남,사파,https://www.myrealtrip.com/cities?key_name=Sa%20Pa
베트남,베트남 기타 도시,https://www.myrealtrip.com/cities?key_name=Viet%20Nam%20Others
베트남,닌빈,https://www.myrealtrip.com/cities?key_name=Ninh%20Binh
베트남,하이퐁,https://www.myrealtrip.com/cities?key_name=Hai%20Phong
베트남,붕타우,https://www.myrealtrip.com/cities?key_name=Vung%20Tau
베트남,판티엣,https://www.myrealtrip.com/cities?key_name=Phan%20Thiet
베트남,캄란,https://www.myrealtrip.com/cities?key_name=CamRanh
베트남,퀴논,https://www.myrealtrip.com/cities?key_name=Quy%20Nhon
브루나이,세리아,https://www.myrealtrip.com/cities?key_name=Seria
인도네시아,발리,https://www.myrealtrip.com/cities?key_name=Bali
인도네시아,우붓,https://www.myrealtrip.com/cities?key_name=Ubud
인도네시아,스미냑,https://www.myrealtrip.com/cities?key_name=Seminyak
인도네시아,자카르타,https://www.myrealtrip.com/cities?key_name=Jakarta
인도네시아,롬복,https://www.myrealtrip.com/cities?key_name=Lombok
인도네시아,바탐,https://www.myrealtrip.com/cities?key_name=Batam
인도네시아,길리 트라왕안,https://www.myrealtrip.com/cities?key_name=Gili%20Trawangan
인도네시아,반둥,https://www.myrealtrip.com/cities?key_name=Bandung
인도네시아,족자카르타,https://www.myrealtrip.com/cities?key_name=Yogyakarta
인도네시아,사누르,https://www.myrealtrip.com/cities?key_name=Sanur
인도네시아,꾸따,https://www.myrealtrip.com/cities?key_name=Kuta
인도네시아,캉구,https://www.myrealtrip.com/cities?key_name=Canggu
인도네시아,인도네시아 기타 도시,https://www.myrealtrip.com/cities?key_name=Indonesia%20Others
인도네시아,누사두아,https://www.myrealtrip.com/cities?key_name=Nusa%20Dua
캄보디아,씨엠립,https://www.myrealtrip.com/cities?key_name=Siem%20Reap
캄보디아,프놈펜,https://www.myrealtrip.com/cities?key_name=Phnom%20Penh
태국,방콕,https://www.myrealtrip.com/cities?key_name=Bangkok
태국,푸켓,https://www.myrealtrip.com/cities?key_name=Phuket
태국,파타야,https://www.myrealtrip.com/cities?key_name=Pattaya
태국,치앙마이,https://www.myrealtrip.com/cities?key_name=Chiang%20Mai
태국,끄라비,https://www.myrealtrip.com/cities?key_name=Krabi
태국,후아힌,https://www.myrealtrip.com/cities?key_name=Hua%20Hin
태국,태국 기타 도시,https://www.myrealtrip.com/cities?key_name=Thailand%20Others
태국,코사무이,https://www.myrealtrip.com/cities?key_name=Ko%20Samui
태국,카오락,https://www.myrealtrip.com/cities?key_name=Khao%20Lak
태국,치앙라이,https://www.myrealtrip.com/cities?key_name=Chiang%20Rai
태국,핫야이,https://www.myrealtrip.com/cities?key_name=Hat%20Yai
태국,코란타,https://www.myrealtrip.com/cities?key_name=Ko%20Lanta
태국,카론,https://www.myrealtrip.com/cities?key_name=Karon
태국,나콘빠톰,https://www.myrealtrip.com/cities?key_name=Nakhon%20Pathom
태국,코팡안,https://www.myrealtrip.com/cities?key_name=Koh%20Phangan
태국,파통,https://www.myrealtrip.com/cities?key_name=Patong
태국,팍총,https://www.myrealtrip.com/cities?key_name=Pak%20Chong
태국,라용,https://www.myrealtrip.com/cities?key_name=Rayong
태국,수랏타니,https://www.myrealtrip.com/cities?key_name=Surat%20Thani
태국,코피피,https://www.myrealtrip.com/cities?key_name=Koh%20Phi%20Phi
태국,코창,https://www.myrealtrip.com/cities?key_name=Koh%20Chang
태국,라와이,https://www.myrealtrip.com/cities?key_name=Rawai
태국,난,https://www.myrealtrip.com/cities?key_name=Nan
필리핀,세부,https://www.myrealtrip.com/cities?key_name=Cebu
필리핀,보홀,https://www.myrealtrip.com/cities?key_name=Bohol
필리핀,보라카이,https://www.myrealtrip.com/cities?key_name=Boracay
필리핀,오슬롭,https://www.myrealtrip.com/cities?key_name=Oslob
필리핀,마닐라,https://www.myrealtrip.com/cities?key_name=Manila
필리핀,수빅,https://www.myrealtrip.com/cities?key_name=Subic
필리핀,팔라완,https://www.myrealtrip.com/cities?key_name=Palawan
필리핀,필리핀 기타 도시,https://www.myrealtrip.com/cities?key_name=Philippines%20Others
필리핀,클락,https://www.myrealtrip.com/cities?key_name=Clark
필리핀,다바오,https://www.myrealtrip.com/cities?key_name=Dabao
필리핀,안티폴로,https://www.myrealtrip.com/cities?key_name=Antipolo
필리핀,바기오,https://www.myrealtrip.com/cities?key_name=Baguio
필리핀,푸에르토프린세사,https://www.myrealtrip.com/cities?key_name=Puerto%20Princesa
필리핀,"클락,앙헬레스",https://www.myrealtrip.com/cities?key_name=Anelescity
일본,오사카,https://www.myrealtrip.com/cities?key_name=Osaka
일본,도쿄,https://www.myrealtrip.com/cities?key_name=Tokyo
일본,교토,https://www.myrealtrip.com/cities?key_name=Kyoto
일본,후쿠오카,https://www.myrealtrip.com/cities?key_name=Fukuoka
일본,일본 기타 도시,https://www.myrealtrip.com/cities?key_name=Japan%20Others
일본,삿포로,https://www.myrealtrip.com/cities?key_name=Sapporo
일본,고베,https://www.myrealtrip.com/cities?key_name=kobe
일본,오키나와,https://www.myrealtrip.com/cities?key_name=okinawa
일본,나라,https://www.myrealtrip.com/cities?key_name=nara
일본,나고야,https://www.myrealtrip.com/cities?key_name=Nagoya
일본,히로시마,https://www.myrealtrip.com/cities?key_name=Hiroshima
일본,가나자와,https://www.myrealtrip.com/cities?key_name=Kanazawa
일본,와카야마,https://www.myrealtrip.com/cities?key_name=Wakayama
일본,사가,https://www.myrealtrip.com/cities?key_name=Saga
일본,오타루,https://www.myrealtrip.com/cities?key_name=Otaru
일본,다카야마,https://www.myrealtrip.com/cities?key_name=Takayama
일본,오카야마,https://www.myrealtrip.com/cities?key_name=Okayama
일본,시즈오카,https://www.myrealtrip.com/cities?key_name=Shizuoka
일본,가고시마,https://www.myrealtrip.com/cities?key_name=Kagoshima
일본,하코네,https://www.myrealtrip.com/cities?key_name=hakone
일본,시모노세키,https://www.myrealtrip.com/cities?key_name=Shimonoseki
일본,히메지,https://www.myrealtrip.com/cities?key_name=Himeji
일본,요코하마,https://www.myrealtrip.com/cities?key_name=Yokohama
일본,나가사키,https://www.myrealtrip.com/cities?key_name=Nagasaki
일본,구마모토,https://www.myrealtrip.com/cities?key_name=Kumamoto
일본,도야마,https://www.myrealtrip.com/cities?key_name=Toyama
일본,유후인,https://www.myrealtrip.com/cities?key_name=Yufuin
일본,나가노,https://www.myrealtrip.com/cities?key_name=Nagano
일본,돗토리,https://www.myrealtrip.com/cities?key_name=Tottori
일본,이시카와,https://www.myrealtrip.com/cities?key_name=Ishikawa
일본,닛코,https://www.myrealtrip.com/cities?key_name=Nikko
일본,벳푸,https://www.myrealtrip.com/cities?key_name=Beppu
일본,야마나시,https://www.myrealtrip.com/cities?key_name=Yamanashi
일본,시코쿠,https://www.myrealtrip.com/cities?key_name=shikoku
일본,다카마쓰,https://www.myrealtrip.com/cities?key_name=Takamatsu
일본,구라시키,https://www.myrealtrip.com/cities?key_name=Kurashiki
일본,마쓰에,https://www.myrealtrip.com/cities?key_name=Matsue
일본,후라노,https://www.myrealtrip.com/cities?key_name=Furano
일본,하코다테,https://www.myrealtrip.com/cities?key_name=Hakodate
일본,미야자키,https://www.myrealtrip.com/cities?key_name=Miyazaki
일본,가나가와,https://www.myrealtrip.com/cities?key_name=Kanagawa
일본,아사히카와,https://www.myrealtrip.com/cities?key_name=Asahikawa
일본,미에,https://www.myrealtrip.com/cities?key_name=Mie
일본,후지카와구치코,https://www.myrealtrip.com/cities?key_name=Fujikawaguchiko
일본,미야코지마,https://www.myrealtrip.com/cities?key_name=Miyakojima
일본,다테야마,https://www.myrealtrip.com/cities?key_name=Tateyama
일본,지토세,https://www.myrealtrip.com/cities?key_name=Chitose
일본,도쿠시마,https://www.myrealtrip.com/cities?key_name=Tokushima
일본,이바라키 현,https://www.myrealtrip.com/cities?key_name=Ibaraki%20Prefecture
일본,마쓰야마,https://www.myrealtrip.com/cities?key_name=Matsuyama
일본,마쓰모토,https://www.myrealtrip.com/cities?key_name=Matsumoto
일본,하쿠바,https://www.myrealtrip.com/cities?key_name=Hakuba
일본,요나고,https://www.myrealtrip.com/cities?key_name=YONAGO
일본,에노시마,https://www.myrealtrip.com/cities?key_name=enoshima
일본,아오모리,https://www.myrealtrip.com/cities?key_name=Aomori
일본,니세코,https://www.myrealtrip.com/cities?key_name=Niseko
일본,미야기,https://www.myrealtrip.com/cities?key_name=Miyagi
일본,가츠야마,https://www.myrealtrip.com/cities?key_name=Katsuyama
일본,이와테,https://www.myrealtrip.com/cities?key_name=Iwate
일본,고치,https://www.myrealtrip.com/cities?key_name=Kochi
일본,야마가타,https://www.myrealtrip.com/cities?key_name=Yamagata
일본,우에다,https://www.myrealtrip.com/cities?key_name=Ueda
일본,대마도,https://www.myrealtrip.com/cities?key_name=Tsushima
일본,아키타,https://www.myrealtrip.com/cities?key_name=Akita
일본,후쿠시마,https://www.myrealtrip.com/cities?key_name=Fukushima
일본,센다이,https://www.myrealtrip.com/cities?key_name=Sendai
중국,베이징,https://www.myrealtrip.com/cities?key_name=Beijing
중국,상하이,https://www.myrealtrip.com/cities?key_name=Shanghai
중국,칭다오,https://www.myrealtrip.com/cities?key_name=Qingdao
중국,청두,https://www.myrealtrip.com/cities?key_name=Chengdu
중국,하얼빈,https://www.myrealtrip.com/cities?key_name=Harbin
중국,시안,https://www.myrealtrip.com/cities?key_name=Xian
중국,광저우,https://www.myrealtrip.com/cities?key_name=Guangzhou
중국,심천,https://www.myrealtrip.com/cities?key_name=Shenzhen
중국,중국 기타 도시,https://www.myrealtrip.com/cities?key_name=China%20Others
중국,주하이,https://www.myrealtrip.com/cities?key_name=Zhuhai
중국,항저우,https://www.myrealtrip.com/cities?key_name=Hangzhou
중국,중경,https://www.myrealtrip.com/cities?key_name=Chongqing
대한민국,제주도,https://www.myrealtrip.com/cities?key_name=Jeju
대한민국,경기도,https://www.myrealtrip.com/cities?key_name=gyeonggi-do
대한민국,경상도,https://www.myrealtrip.com/cities?key_name=Gyeongsang-do
대한민국,서울,https://www.myrealtrip.com/cities?key_name=Seoul
대한민국,강원도,https://www.myrealtrip.com/cities?key_name=Gangwondo
대한민국,전라도,https://www.myrealtrip.com/cities?key_name=Jeolla-do
대한민국,경주,https://www.myrealtrip.com/cities?key_name=Gyeongju
대한민국,부산,https://www.myrealtrip.com/cities?key_name=Busan
대한민국,충청도,https://www.myrealtrip.com/cities?key_name=Chungcheong-do
대한민국,여수,https://www.myrealtrip.com/cities?key_name=Yeosu
대한민국,대구,https://www.myrealtrip.com/cities?key_name=Daegu
대한민국,평창,https://www.myrealtrip.com/cities?key_name=Pyeongchang
대한민국,인천,https://www.myrealtrip.com/cities?key_name=Incheon
대한민국,고양,https://www.myrealtrip.com/cities?key_name=Goyang
대한민국,춘천,https://www.myrealtrip.com/cities?key_name=Chun%20cheon
대한민국,무주,https://www.myrealtrip.com/cities?key_name=Muju
대한민국,홍천,https://www.myrealtrip.com/cities?key_name=hongcheon
대한민국,수원,https://www.myrealtrip.com/cities?key_name=Suwon
대한민국,통영,https://www.myrealtrip.com/cities?key_name=Tongyeong
대한민국,강릉,https://www.myrealtrip.com/cities?key_name=gangneung
대한민국,용인,https://www.myrealtrip.com/cities?key_name=Yongin
대한민국,전주,https://www.myrealtrip.com/cities?key_name=Jeonju
대한민국,가평,https://www.myrealtrip.com/cities?key_name=gapyeong
대한민국,청양,https://www.myrealtrip.com/cities?key_name=Cheongyang
대한민국,울릉도,https://www.myrealtrip.com/cities?key_name=Ulleungdo
대한민국,정선,https://www.myrealtrip.com/cities?key_name=Jeongseon
대한민국,담양,https://www.myrealtrip.com/cities?key_name=Damyang
대한민국,과천,https://www.myrealtrip.com/cities?key_name=Gwacheon
대한민국,울산,https://www.myrealtrip.com/cities?key_name=Ulsan
대한민국,광주,"https://www.myrealtrip.com/cities?key_name=Gwangju,Gyeonggi"
대한민국,청도,https://www.myrealtrip.com/cities?key_name=Cheongdo
대한민국,파주,https://www.myrealtrip.com/cities?key_name=Paju
대한민국,울진,https://www.myrealtrip.com/cities?key_name=Uljin
대한민국,김포,https://www.myrealtrip.com/cities?key_name=Gimpo
대한민국,청주,https://www.myrealtrip.com/cities?key_name=Cheongju
대한민국,김해,https://www.myrealtrip.com/cities?key_name=Gimhae
대한민국,원주,https://www.myrealtrip.com/cities?key_name=Wonju
대한민국,제천,https://www.myrealtrip.com/cities?key_name=Jecheon
대한민국,천안,https://www.myrealtrip.com/cities?key_name=Cheonan
대한민국,속초,https://www.myrealtrip.com/cities?key_name=Sokcho
대한민국,안동,https://www.myrealtrip.com/cities?key_name=Andong
대한민국,대전,https://www.myrealtrip.com/cities?key_name=Daejeon
대한민국,포천,https://www.myrealtrip.com/cities?key_name=Pocheon
대한민국,고창,https://www.myrealtrip.com/cities?key_name=Gochang
대한민국,이천,https://www.myrealtrip.com/cities?key_name=icheon
대한민국,광주,https://www.myrealtrip.com/cities?key_name=Gwangju
대한민국,구미,https://www.myrealtrip.com/cities?key_name=Gumi
대한민국,영덕,https://www.myrealtrip.com/cities?key_name=Yeongdeok
대한민국,칠곡,https://www.myrealtrip.com/cities?key_name=Chilgok
대한민국,군산,https://www.myrealtrip.com/cities?key_name=Gunsan
대한민국,안성,https://www.myrealtrip.com/cities?key_name=Anseong
대한민국,창원,https://www.myrealtrip.com/cities?key_name=Changwon
대한민국,화성,https://www.myrealtrip.com/cities?key_name=hwaseong
대한민국,목포,https://www.myrealtrip.com/cities?key_name=Mokpo
대한민국,문경,https://www.myrealtrip.com/cities?key_name=Mungyeong
대한민국,남해,https://www.myrealtrip.com/cities?key_name=Namhae
대한민국,횡성,https://www.myrealtrip.com/cities?key_name=Hoengseong
대한민국,남원,https://www.myrealtrip.com/cities?key_name=Namwon
대한민국,영주,https://www.myrealtrip.com/cities?key_name=Yeongju
대한민국,남양주,https://www.myrealtrip.com/cities?key_name=Namyangju
대한민국,경산,https://www.myrealtrip.com/cities?key_name=Gyeongsan
대한민국,김제,https://www.myrealtrip.com/cities?key_name=Gimje
대한민국,나주,https://www.myrealtrip.com/cities?key_name=Naju
대한민국,포항,https://www.myrealtrip.com/cities?key_name=Pohang
대한민국,대한민국 기타 도시,"https://www.myrealtrip.com/cities?key_name=Korea,%20Republic%20of%20Others"
대한민국,부안,https://www.myrealtrip.com/cities?key_name=Buan
대한민국,화순,https://www.myrealtrip.com/cities?key_name=Hwasun
대한민국,아산,https://www.myrealtrip.com/cities?key_name=Asan
대한민국,단양,https://www.myrealtrip.com/cities?key_name=Danyang
대한민국,순천,https://www.myrealtrip.com/cities?key_name=Suncheon
대한민국,여주,https://www.myrealtrip.com/cities?key_name=Yeoju
대한민국,양주,https://www.myrealtrip.com/cities?key_name=Yangju
대한민국,하동,https://www.myrealtrip.com/cities?key_name=Hadong
대한민국,양산,https://www.myrealtrip.com/cities?key_name=Yangsan%20South%20Gyeongsang
대한민국,동두천,https://www.myrealtrip.com/cities?key_name=Dongducheon
대한민국,예천,https://www.myrealtrip.com/cities?key_name=Yecheon
대한민국,성주,https://www.myrealtrip.com/cities?key_name=Seongju
대한민국,삼척,https://www.myrealtrip.com/cities?key_name=Samcheok
대한민국,광양,https://www.myrealtrip.com/cities?key_name=Gwangyang
대한민국,인제,https://www.myrealtrip.com/cities?key_name=inje
대한민국,김천,https://www.myrealtrip.com/cities?key_name=Gimcheon
대한민국,봉화,https://www.myrealtrip.com/cities?key_name=Bonghwa
대한민국,공주,https://www.myrealtrip.com/cities?key_name=Gongju
대한민국,오산,https://www.myrealtrip.com/cities?key_name=Osan
대한민국,태백,https://www.myrealtrip.com/cities?key_name=Taebaek
대한민국,당진,https://www.myrealtrip.com/cities?key_name=Dangjin
대한민국,청송,https://www.myrealtrip.com/cities?key_name=Cheongsong
대한민국,양산,https://www.myrealtrip.com/cities?key_name=Yangsan%20Gyeonggi
대한민국,세종,https://www.myrealtrip.com/cities?key_name=Sejong
대한민국,익산,https://www.myrealtrip.com/cities?key_name=Iksan
대한민국,고성,https://www.myrealtrip.com/cities?key_name=Goseong%20South%20Gyeongsang
대한민국,순창,https://www.myrealtrip.com/cities?key_name=Sunchang
대한민국,상주,https://www.myrealtrip.com/cities?key_name=Sangju
대한민국,영천,https://www.myrealtrip.com/cities?key_name=Yeongcheon
대한민국,평택,https://www.myrealtrip.com/cities?key_name=Pyeongtaek
대한민국,보령,https://www.myrealtrip.com/cities?key_name=Boryeong
대한민국,진주,https://www.myrealtrip.com/cities?key_name=Jinju
대한민국,안양,https://www.myrealtrip.com/cities?key_name=Anyang
대한민국,밀양,https://www.myrealtrip.com/cities?key_name=Miryang
대한민국,거제,https://www.myrealtrip.com/cities?key_name=Geoje
대한민국,영양,https://www.myrealtrip.com/cities?key_name=Yeongyang
대한민국,부천,https://www.myrealtrip.com/cities?key_name=Bucheon
대한민국,진안,https://www.myrealtrip.com/cities?key_name=Jinan%20North%20Jeolla
대한민국,의정부,https://www.myrealtrip.com/cities?key_name=Uijeongbu
대한민국,양양,https://www.myrealtrip.com/cities?key_name=Yangyang
대한민국,완주,https://www.myrealtrip.com/cities?key_name=Wanju
대한민국,예산,https://www.myrealtrip.com/cities?key_name=Yesan
대한민국,태안,https://www.myrealtrip.com/cities?key_name=Taean
대한민국,임실,https://www.myrealtrip.com/cities?key_name=Imsil
대한민국,시흥,https://www.myrealtrip.com/cities?key_name=Siheung%20Seoul
대한민국,고성,https://www.myrealtrip.com/cities?key_name=Goseong
대한민국,사천,https://www.myrealtrip.com/cities?key_name=Sacheon
대한민국,의성,https://www.myrealtrip.com/cities?key_name=Uiseong
대만,타이베이,https://www.myrealtrip.com/cities?key_name=Taipei
대만,신베이,https://www.myrealtrip.com/cities?key_name=New%20Taipei%20City
대만,가오슝,https://www.myrealtrip.com/cities?key_name=G%C4%81oxi%C3%B3ng
대만,타이중,https://www.myrealtrip.com/cities?key_name=Taichung
대만,대만 기타 도시,"https://www.myrealtrip.com/cities?key_name=Taiwan,%20Province%20of%20China%20Others"
대만,타이난,https://www.myrealtrip.com/cities?key_name=Tainan
대만,타이둥,https://www.myrealtrip.com/cities?key_name=Taitung
대만,컨딩,https://www.myrealtrip.com/cities?key_name=Kenting
대만,이란,https://www.myrealtrip.com/cities?key_name=Yilan
대만,화련,https://www.myrealtrip.com/cities?key_name=Hualian
마카오,마카오,https://www.myrealtrip.com/cities?key_name=Macau
마카오,마카오 기타 도시,https://www.myrealtrip.com/cities?key_name=Macao%20Others
싱가포르,싱가포르,https://www.myrealtrip.com/cities?key_name=Singapore
싱가포르,싱가포르 기타 도시,https://www.myrealtrip.com/cities?key_name=Singapore%20Others
홍콩,홍콩,https://www.myrealtrip.com/cities?key_name=Hong%20Kong
홍콩,홍콩 기타 도시,https://www.myrealtrip.com/cities?key_name=Hong%20Kong%20Others
홍콩,라마도,https://www.myrealtrip.com/cities?key_name=Lamma%20Island
아랍에미리트,두바이,https://www.myrealtrip.com/cities?key_name=dubai
아랍에미리트,아부다비,https://www.myrealtrip.com/cities?key_name=abudhabi
아랍에미리트,라스 알 카이마,https://www.myrealtrip.com/cities?key_name=Ras%20Al%20Khaimah
아랍에미리트,아랍에미리트 기타 도시,https://www.myrealtrip.com/cities?key_name=United%20Arab%20Emirates%20Others
아제르바이잔,바쿠,https://www.myrealtrip.com/cities?key_name=Baku
요르단,요르단 기타 도시,https://www.myrealtrip.com/cities?key_name=Jordan%20Others
요르단,페트라,https://www.myrealtrip.com/cities?key_name=Petra
이스라엘,텔아비브,https://www.myrealtrip.com/cities?key_name=Tel%20Aviv
이스라엘,예루살렘,https://www.myrealtrip.com/cities?key_name=Jerusalem
카타르,도하,https://www.myrealtrip.com/cities?key_name=Doha
쿠웨이트,쿠웨이트 기타 도시,https://www.myrealtrip.com/cities?key_name=Kuwait%20Others
쿠웨이트,쿠웨이트시,https://www.myrealtrip.com/cities?key_name=Kuwait%20City
네팔,카트만두,https://www.myrealtrip.com/cities?key_name=Kathmandu
몽골,울란바토르,https://www.myrealtrip.com/cities?key_name=Ulaanbaatar
부탄,파로,https://www.myrealtrip.com/cities?key_name=paro
인도,델리,https://www.myrealtrip.com/cities?key_name=Delhi
인도,뉴델리,https://www.myrealtrip.com/cities?key_name=New%20Delhi
인도,마날리,https://www.myrealtrip.com/cities?key_name=Manali
인도,암리차르,https://www.myrealtrip.com/cities?key_name=Amritsar
인도,리시케시,https://www.myrealtrip.com/cities?key_name=Rishikesh
미국,하와이,https://www.myrealtrip.com/cities?key_name=Hawaii
미국,뉴욕,https://www.myrealtrip.com/cities?key_name=New%20York%20City
미국,라스베가스,https://www.myrealtrip.com/cities?key_name=Las%20Vegas
미국,샌프란시스코,https://www.myrealtrip.com/cities?key_name=San%20Francisco
미국,로스앤젤레스,https://www.myrealtrip.com/cities?key_name=Los%20Angeles
미국,올랜도,https://www.myrealtrip.com/cities?key_name=Orlando
미국,마이애미,https://www.myrealtrip.com/cities?key_name=Miami
미국,샌디에이고,https://www.myrealtrip.com/cities?key_name=San%20Diego
미국,뉴올리언스,https://www.myrealtrip.com/cities?key_name=New%20Orleans
미국,워싱턴 DC,https://www.myrealtrip.com/cities?key_name=Washington%20D.C
미국,포틀랜드,https://www.myrealtrip.com/cities?key_name=Portland
미국,미국 기타 도시,https://www.myrealtrip.com/cities?key_name=United%20States%20of%20America%20Others
미국,시카고,https://www.myrealtrip.com/cities?key_name=Chicago
미국,필라델피아,https://www.myrealtrip.com/cities?key_name=Philadelphia
미국,댈러스,https://www.myrealtrip.com/cities?key_name=Dallas
미국,보스턴,https://www.myrealtrip.com/cities?key_name=Boston
미국,덴버,https://www.myrealtrip.com/cities?key_name=Denver
미국,오스틴,https://www.myrealtrip.com/cities?key_name=Austin
미국,플로리다,https://www.myrealtrip.com/cities?key_name=Florida
미국,시애틀,https://www.myrealtrip.com/cities?key_name=Seattle
미국,애리조나,https://www.myrealtrip.com/cities?key_name=Arizona
미국,팜스프링스,https://www.myrealtrip.com/cities?key_name=Palm%20Springs
미국,피닉스,https://www.myrealtrip.com/cities?key_name=Phoenix
미국,키웨스트,https://www.myrealtrip.com/cities?key_name=Key%20West
미국,알래스카,https://www.myrealtrip.com/cities?key_name=Alaska
미국,애틀란타,https://www.myrealtrip.com/cities?key_name=Atlanta
미국,찰스턴,https://www.myrealtrip.com/cities?key_name=Charleston
미국,휴스턴,https://www.myrealtrip.com/cities?key_name=Houston
미국,멤피스,https://www.myrealtrip.com/cities?key_name=Memphis
미국,뉴저지,https://www.myrealtrip.com/cities?key_name=New%20Jersey
미국,내슈빌,https://www.myrealtrip.com/cities?key_name=Nashville
미국,조지아,https://www.myrealtrip.com/cities?key_name=Georgia
미국,페어뱅크스,https://www.myrealtrip.com/cities?key_name=Fairbanks
미국,서배너,https://www.myrealtrip.com/cities?key_name=Savannah
미국,샌 안토니오,https://www.myrealtrip.com/cities?key_name=San%20Antonio
미국,세도나,https://www.myrealtrip.com/cities?key_name=Sedona
미국,세일럼,https://www.myrealtrip.com/cities?key_name=Salem
미국,펜실베이니아,https://www.myrealtrip.com/cities?key_name=Pennsylvania
미국,산타바바라,https://www.myrealtrip.com/cities?key_name=Santa%20Barbara
미국,볼링 그린,https://www.myrealtrip.com/cities?key_name=Bowling%20Green
세인트 루시아,세인트 루시아 기타 도시,https://www.myrealtrip.com/cities?key_name=Saint%20Lucia%20Others
캐나다,밴프,https://www.myrealtrip.com/cities?key_name=Banff
캐나다,퀘벡,https://www.myrealtrip.com/cities?key_name=Quebec
캐나다,밴쿠버,https://www.myrealtrip.com/cities?key_name=Vancouver
캐나다,토론토,https://www.myrealtrip.com/cities?key_name=Toronto
캐나다,캘거리,https://www.myrealtrip.com/cities?key_name=Calgary
캐나다,옐로나이프,https://www.myrealtrip.com/cities?key_name=Yellowknife
캐나다,빅토리아 섬,https://www.myrealtrip.com/cities?key_name=Victoria%20Island
캐나다,몬트리올,https://www.myrealtrip.com/cities?key_name=Montreal
캐나다,에드먼턴,https://www.myrealtrip.com/cities?key_name=Edmonton
캐나다,유콘,https://www.myrealtrip.com/cities?key_name=yukon
캐나다,재스퍼,https://www.myrealtrip.com/cities?key_name=Jasper
캐나다,휘슬러,https://www.myrealtrip.com/cities?key_name=Whistler
캐나다,나이아가라폴스,https://www.myrealtrip.com/cities?key_name=Niagara%20Falls
캐나다,오타와,https://www.myrealtrip.com/cities?key_name=Ottawa
캐나다,캐나다 기타 도시,https://www.myrealtrip.com/cities?key_name=Canada%20Others
과테말라,과테말라,https://www.myrealtrip.com/cities?key_name=Guatemala%20City
도미니카 공화국,푼타 카나,https://www.myrealtrip.com/cities?key_name=Punta%20Cana
멕시코,칸쿤,https://www.myrealtrip.com/cities?key_name=Cancun
멕시코,코즈멜 섬,https://www.myrealtrip.com/cities?key_name=Cozumel
멕시코,플라야 델 카르멘,https://www.myrealtrip.com/cities?key_name=Playa%20del%20Carmen
멕시코,툴룸,https://www.myrealtrip.com/cities?key_name=Tulum
멕시코,멕시코 기타 도시,https://www.myrealtrip.com/cities?key_name=Mexico%20Others
멕시코,멕시코시티,https://www.myrealtrip.com/cities?key_name=Mexico%20City
멕시코,메리다,https://www.myrealtrip.com/cities?key_name=Merida
멕시코,와하카,https://www.myrealtrip.com/cities?key_name=Oaxaca
멕시코,푸에르토 바야르타,https://www.myrealtrip.com/cities?key_name=Puerto%20Vallarta
멕시코,쿠에르나바카,https://www.myrealtrip.com/cities?key_name=Cuernavaca
멕시코,바깔라르,https://www.myrealtrip.com/cities?key_name=Bacalar
베네수엘라,베네수엘라 기타 도시,"https://www.myrealtrip.com/cities?key_name=Venezuela,%20Bolivarian%20Republic%20of%20Others"
브라질,리오 데 자네이루,https://www.myrealtrip.com/cities?key_name=Rio%20de%20Janeiro
브라질,브라질 기타 도시,https://www.myrealtrip.com/cities?key_name=Brazil%20Others
아루바,아루바 기타 도시,https://www.myrealtrip.com/cities?key_name=Aruba%20Others
아르헨티나,부에노스 아이레스,https://www.myrealtrip.com/cities?key_name=buenos%20aires
아르헨티나,엘 칼라파테,https://www.myrealtrip.com/cities?key_name=El%20Calafate
아르헨티나,우수아이아,https://www.myrealtrip.com/cities?key_name=Ushuaia
코스타리카,산호세,https://www.myrealtrip.com/cities?key_name=San%20Jose
콜롬비아,보고타,https://www.myrealtrip.com/cities?key_name=Bogota
쿠바,쿠바 기타 도시,https://www.myrealtrip.com/cities?key_name=Cuba%20Others
쿠바,아바나,https://www.myrealtrip.com/cities?key_name=La%20Habana
페루,쿠스코,https://www.myrealtrip.com/cities?key_name=cusco
포클랜드,포클랜드 기타 도시,https://www.myrealtrip.com/cities?key_name=Falkland%20Islands%20(Malvinas)%20Others
뉴질랜드,오클랜드,https://www.myrealtrip.com/cities?key_name=Auckland
뉴질랜드,퀸스타운,https://www.myrealtrip.com/cities?key_name=Queenstown
뉴질랜드,뉴질랜드 기타 도시,https://www.myrealtrip.com/cities?key_name=New%20Zealand%20Others
뉴질랜드,프란츠조셉,https://www.myrealtrip.com/cities?key_name=Franz%20Josef
뉴질랜드,와이헤케 섬,https://www.myrealtrip.com/cities?key_name=Waiheke
뉴질랜드,로토루아,https://www.myrealtrip.com/cities?key_name=Rotorua
뉴질랜드,마운트 쿡,https://www.myrealtrip.com/cities?key_name=Mount%20Cook
뉴질랜드,크라이스트처치,https://www.myrealtrip.com/cities?key_name=Christchurch
뉴질랜드,웰링턴,https://www.myrealtrip.com/cities?key_name=Wellington
뉴질랜드,파이히아,https://www.myrealtrip.com/cities?key_name=paihia
뉴질랜드,마타마타,https://www.myrealtrip.com/cities?key_name=Matamata
호주,시드니,https://www.myrealtrip.com/cities?key_name=Sydney
호주,멜버른,https://www.myrealtrip.com/cities?key_name=Melbourne
호주,퍼스,https://www.myrealtrip.com/cities?key_name=Perth
호주,골드코스트,https://www.myrealtrip.com/cities?key_name=goldcoast
호주,케언즈,https://www.myrealtrip.com/cities?key_name=Cairns
호주,브리즈번,https://www.myrealtrip.com/cities?key_name=Brisbane
호주,호주 기타 도시,https://www.myrealtrip.com/cities?key_name=Australia%20Others
호주,울루루,https://www.myrealtrip.com/cities?key_name=Yulara
호주,애들레이드,https://www.myrealtrip.com/cities?key_name=Adelaide
호주,다윈,https://www.myrealtrip.com/cities?key_name=Darwin
호주,앨리스스프링스,https://www.myrealtrip.com/cities?key_name=Alice%20Springs
호주,누사,https://www.myrealtrip.com/cities?key_name=Noosa
호주,호바트,https://www.myrealtrip.com/cities?key_name=hobart
호주,바이런베이,https://www.myrealtrip.com/cities?key_name=Byron%20Bay
호주,캔버라,https://www.myrealtrip.com/cities?key_name=Canberra
호주,선샤인코스트,https://www.myrealtrip.com/cities?key_name=Sunshine%20Coast
호주,해밀턴 아일랜드,https://www.myrealtrip.com/cities?key_name=Hamilton%20Island
호주,허비베이,https://www.myrealtrip.com/cities?key_name=HerveyBay
호주,힐스빌,https://www.myrealtrip.com/cities?key_name=Healesville
호주,태즈메이니아,https://www.myrealtrip.com/cities?key_name=Tasmania
괌,괌,https://www.myrealtrip.com/cities?key_name=Guam
사이판,사이판,https://www.myrealtrip.com/cities?key_name=Saipan
사이판,사이판 기타 도시,https://www.myrealtrip.com/cities?key_name=Northern%20Mariana%20Islands%20Others
쿠크 군도,쿠크 군도 기타 도시,https://www.myrealtrip.com/cities?key_name=Cook%20Islands%20Others
가봉,가봉 기타 도시,https://www.myrealtrip.com/cities?key_name=Gabon%20Others
남아프리카 공화국,케이프타운,https://www.myrealtrip.com/cities?key_name=Cape%20Town
남아프리카 공화국,남아프리카 공화국 기타 도시,https://www.myrealtrip.com/cities?key_name=South%20Africa%20Others
남아프리카 공화국,요하네스버그,https://www.myrealtrip.com/cities?key_name=Johannesburg
모로코,마라케시,https://www.myrealtrip.com/cities?key_name=Marrakech
모로코,탕헤르,https://www.myrealtrip.com/cities?key_name=Tangier
이집트,카이로,https://www.myrealtrip.com/cities?key_name=Cairo
이집트,후르가다,https://www.myrealtrip.com/cities?key_name=Hurghada
이집트,룩소르,https://www.myrealtrip.com/cities?key_name=Luxor
이집트,아스완,https://www.myrealtrip.com/cities?key_name=Aswan
